﻿<?xml version="1.0" encoding="utf-8" ?>

<latestnews>
  <item>
    <newsid>1</newsid>
    <newstitle>Python with Data science Beginner's Guide</newstitle>
    <newsdesc>Desc</newsdesc>
    <image>/Content/img/blog/bd-1.jpg</image>
    <fulldate>03 May 2019</fulldate>
  </item>
  <item>
    <newsid>2</newsid>
    <newstitle>Python with Data science Beginner's Guide</newstitle>
    <newsdesc>Desc</newsdesc>
    <image>/Content/img/blog/bd-1.jpg</image>
    <fulldate>04 May 2019</fulldate>
  </item>
  <item>
    <newsid>3</newsid>
    <newstitle>Python with Data science sadadas asdsadadsa Beginner's Guide</newstitle>
    <newsdesc>Desc</newsdesc>
    <image>/Content/img/blog/bd-1.jpg</image>
    <fulldate>05 May 2019</fulldate>
  </item>
</latestnews>