﻿<?xml version="1.0" encoding="utf-8" ?>

<latestvideos>
  <item>
    <lvId>1</lvId>
    <lvtitile>Learning Software Development</lvtitile>
    <lvdesc>Software development is the process of conceiving, specifying, designing, programming, documenting, testing, and bug fixing.</lvdesc>
    <image>/Content/img/banner/v-1.jpg</image>
    <url>https://www.youtube.com/watch?v=CvJG4sQhzsw</url>
    <fulldate>03 May 2019</fulldate>
  </item>
  <item>
    <lvId>2</lvId>
    <lvtitile>Learning Software Development</lvtitile>
    <lvdesc>Software development is the process of conceiving, specifying, designing, programming, documenting, testing, and bug fixing.</lvdesc>
    <image>/Content/img/banner/v-1.jpg</image>
    <url>https://www.youtube.com/watch?v=CvJG4sQhzsw</url>
    <fulldate>03 May 2019</fulldate>
  </item>
</latestvideos>