﻿<?xml version="1.0" encoding="utf-8" ?>
<upcomingClasses>
  <item>
    <ucid>1</ucid>
    <uctitle>
      Fully Responsive Web Design and Development.
    </uctitle>
    <uccategory>Web Design</uccategory>
    <ucdate>10</ucdate>
    <fulldate>May 2019</fulldate>
  </item>
  <item>
    <ucid>2</ucid>
    <uctitle>Python Development with related to Data Science</uctitle>
    <uccategory>Data Science</uccategory>
    <ucdate>18</ucdate>
    <fulldate>May 2019</fulldate>
  </item>
  <item>
    <ucid>3</ucid>
    <uctitle>Introduction to Mobile Application Development.</uctitle>
    <uccategory>Mobile Application</uccategory>
    <ucdate>03</ucdate>
    <fulldate>June 2019</fulldate>
  </item>
  <item>
    <ucid>4</ucid>
    <uctitle>Introduction to Data Science Development.</uctitle>
    <uccategory>Mobile Application</uccategory>
    <ucdate>05</ucdate>
    <fulldate>June 2019</fulldate>
  </item>
</upcomingClasses>